{
    "name": "root",
    "gauges": {
        "MazeAgent.Policy.Entropy.mean": {
            "value": 1.2018684148788452,
            "min": 1.0627683401107788,
            "max": 1.5909901857376099,
            "count": 500
        },
        "MazeAgent.Policy.Entropy.sum": {
            "value": 12028.298828125,
            "min": 10619.1806640625,
            "max": 16279.01171875,
            "count": 500
        },
        "MazeAgent.Environment.EpisodeLength.mean": {
            "value": 92.32432432432432,
            "min": 47.14646464646464,
            "max": 499.0,
            "count": 500
        },
        "MazeAgent.Environment.EpisodeLength.sum": {
            "value": 10248.0,
            "min": 7990.0,
            "max": 11479.0,
            "count": 500
        },
        "MazeAgent.Step.mean": {
            "value": 4999937.0,
            "min": 9969.0,
            "max": 4999937.0,
            "count": 500
        },
        "MazeAgent.Step.sum": {
            "value": 4999937.0,
            "min": 9969.0,
            "max": 4999937.0,
            "count": 500
        },
        "MazeAgent.Policy.ExtrinsicValueEstimate.mean": {
            "value": -0.4484822154045105,
            "min": -1.9684722423553467,
            "max": -0.06819706410169601,
            "count": 500
        },
        "MazeAgent.Policy.ExtrinsicValueEstimate.sum": {
            "value": -100.46001434326172,
            "min": -312.9870910644531,
            "max": -19.50436019897461,
            "count": 500
        },
        "MazeAgent.Environment.CumulativeReward.mean": {
            "value": -0.8989187100449124,
            "min": -9.993887702624003,
            "max": 0.01633176342326792,
            "count": 500
        },
        "MazeAgent.Environment.CumulativeReward.sum": {
            "value": -99.77997681498528,
            "min": -219.8599739074707,
            "max": 3.250020921230316,
            "count": 500
        },
        "MazeAgent.Policy.ExtrinsicReward.mean": {
            "value": -0.8989187100449124,
            "min": -9.993887702624003,
            "max": 0.01633176342326792,
            "count": 500
        },
        "MazeAgent.Policy.ExtrinsicReward.sum": {
            "value": -99.77997681498528,
            "min": -219.8599739074707,
            "max": 3.250020921230316,
            "count": 500
        },
        "MazeAgent.Losses.PolicyLoss.mean": {
            "value": 0.07609056380999929,
            "min": 0.06480216971578086,
            "max": 0.08648615489152937,
            "count": 500
        },
        "MazeAgent.Losses.PolicyLoss.sum": {
            "value": 0.6848150742899937,
            "min": 0.5832195274420278,
            "max": 0.8648615489152938,
            "count": 500
        },
        "MazeAgent.Losses.ValueLoss.mean": {
            "value": 0.3114387545872617,
            "min": 0.0022117964955988877,
            "max": 0.4268066588540872,
            "count": 500
        },
        "MazeAgent.Losses.ValueLoss.sum": {
            "value": 2.8029487912853557,
            "min": 0.01990616846038999,
            "max": 4.268066588540872,
            "count": 500
        },
        "MazeAgent.Policy.LearningRate.mean": {
            "value": 2.9343990222000117e-07,
            "min": 2.9343990222000117e-07,
            "max": 0.0002996926601024467,
            "count": 500
        },
        "MazeAgent.Policy.LearningRate.sum": {
            "value": 2.6409591199800106e-06,
            "min": 2.6409591199800106e-06,
            "max": 0.00299108388297204,
            "count": 500
        },
        "MazeAgent.Policy.Epsilon.mean": {
            "value": 0.10009778,
            "min": 0.10009778,
            "max": 0.1998975533333333,
            "count": 500
        },
        "MazeAgent.Policy.Epsilon.sum": {
            "value": 0.90088002,
            "min": 0.90088002,
            "max": 1.9970279600000003,
            "count": 500
        },
        "MazeAgent.Policy.Beta.mean": {
            "value": 1.0479122e-05,
            "min": 1.0479122e-05,
            "max": 0.0004994980113333333,
            "count": 500
        },
        "MazeAgent.Policy.Beta.sum": {
            "value": 9.4312098e-05,
            "min": 9.4312098e-05,
            "max": 0.004985437004,
            "count": 500
        },
        "MazeAgent.IsTraining.mean": {
            "value": 1.0,
            "min": 1.0,
            "max": 1.0,
            "count": 500
        },
        "MazeAgent.IsTraining.sum": {
            "value": 1.0,
            "min": 1.0,
            "max": 1.0,
            "count": 500
        }
    },
    "metadata": {
        "timer_format_version": "0.1.0",
        "start_time_seconds": "1640867426",
        "python_version": "3.8.5 (default, Sep  3 2020, 21:29:08) [MSC v.1916 64 bit (AMD64)]",
        "command_line_arguments": "E:\\PythonStuff\\anaconda\\Scripts\\mlagents-learn MazeConfig.yaml --run-id Maze8thTest --force",
        "mlagents_version": "0.27.0",
        "mlagents_envs_version": "0.27.0",
        "communication_protocol_version": "1.5.0",
        "pytorch_version": "1.8.0",
        "numpy_version": "1.19.2",
        "end_time_seconds": "1640881288"
    },
    "total": 13862.4487704,
    "count": 1,
    "self": 0.00843910000003234,
    "children": {
        "run_training.setup": {
            "total": 0.1876371000000001,
            "count": 1,
            "self": 0.1876371000000001
        },
        "TrainerController.start_learning": {
            "total": 13862.2526942,
            "count": 1,
            "self": 14.342429800170066,
            "children": {
                "TrainerController._reset_env": {
                    "total": 10.4473145,
                    "count": 1,
                    "self": 10.4473145
                },
                "TrainerController.advance": {
                    "total": 13837.39377849983,
                    "count": 648369,
                    "self": 13.215264399630541,
                    "children": {
                        "env_step": {
                            "total": 10831.477088900012,
                            "count": 648369,
                            "self": 9392.504402599976,
                            "children": {
                                "SubprocessEnvManager._take_step": {
                                    "total": 1428.7015479002614,
                                    "count": 648369,
                                    "self": 40.54410240019865,
                                    "children": {
                                        "TorchPolicy.evaluate": {
                                            "total": 1388.1574455000627,
                                            "count": 625027,
                                            "self": 583.279857700101,
                                            "children": {
                                                "TorchPolicy.sample_actions": {
                                                    "total": 804.8775877999617,
                                                    "count": 625027,
                                                    "self": 804.8775877999617
                                                }
                                            }
                                        }
                                    }
                                },
                                "workers": {
                                    "total": 10.27113839977396,
                                    "count": 648369,
                                    "self": 0.0,
                                    "children": {
                                        "worker_root": {
                                            "total": 13833.845667499545,
                                            "count": 648369,
                                            "is_parallel": true,
                                            "self": 5310.8445142991,