{
    "name": "root",
    "gauges": {
        "FighterAgent.Policy.Entropy.mean": {
            "value": 1.4994335174560547,
            "min": 1.4994335174560547,
            "max": 2.111888885498047,
            "count": 50
        },
        "FighterAgent.Policy.Entropy.sum": {
            "value": 15039.318359375,
            "min": 15039.318359375,
            "max": 21530.70703125,
            "count": 50
        },
        "FighterAgent.Step.mean": {
            "value": 499988.0,
            "min": 9994.0,
            "max": 499988.0,
            "count": 50
        },
        "FighterAgent.Step.sum": {
            "value": 499988.0,
            "min": 9994.0,
            "max": 499988.0,
            "count": 50
        },
        "FighterAgent.Policy.ExtrinsicValueEstimate.mean": {
            "value": 0.9356561303138733,
            "min": 0.043956268578767776,
            "max": 0.9397061467170715,
            "count": 50
        },
        "FighterAgent.Policy.ExtrinsicValueEstimate.sum": {
            "value": 722.3265380859375,
            "min": 8.92312240600586,
            "max": 728.4183349609375,
            "count": 50
        },
        "FighterAgent.Environment.EpisodeLength.mean": {
            "value": 12.018205461638491,
            "min": 11.928848641655886,
            "max": 187.22641509433961,
            "count": 50
        },
        "FighterAgent.Environment.EpisodeLength.sum": {
            "value": 9242.0,
            "min": 9221.0,
            "max": 10344.0,
            "count": 50
        },
        "FighterAgent.Environment.CumulativeReward.mean": {
            "value": 1.0,
            "min": 0.09433962264150944,
            "max": 1.0,
            "count": 50
        },
        "FighterAgent.Environment.CumulativeReward.sum": {
            "value": 769.0,
            "min": 5.0,
            "max": 773.0,
            "count": 50
        },
        "FighterAgent.Policy.ExtrinsicReward.mean": {
            "value": 1.0,
            "min": 0.09433962264150944,
            "max": 1.0,
            "count": 50
        },
        "FighterAgent.Policy.ExtrinsicReward.sum": {
            "value": 769.0,
            "min": 5.0,
            "max": 773.0,
            "count": 50
        },
        "FighterAgent.Losses.PolicyLoss.mean": {
            "value": 0.07715933641651644,
            "min": 0.069327387966138,
            "max": 0.08634132234748297,
            "count": 50
        },
        "FighterAgent.Losses.PolicyLoss.sum": {
            "value": 0.7715933641651644,
            "min": 0.6450660818566878,
            "max": 0.8634132234748297,
            "count": 50
        },
        "FighterAgent.Losses.ValueLoss.mean": {
            "value": 0.00212683261372149,
            "min": 0.0015256244054762647,
            "max": 0.023837431055855837,
            "count": 50
        },
        "FighterAgent.Losses.ValueLoss.sum": {
            "value": 0.021268326137214896,
            "min": 0.015256244054762646,
            "max": 0.2250168327552577,
            "count": 50
        },
        "FighterAgent.Policy.LearningRate.mean": {
            "value": 2.9145990284999983e-06,
            "min": 2.9145990284999983e-06,
            "max": 0.00029687593437468883,
            "count": 50
        },
        "FighterAgent.Policy.LearningRate.sum": {
            "value": 2.9145990284999984e-05,
            "min": 2.9145990284999984e-05,
            "max": 0.0029091858302714,
            "count": 50
        },
        "FighterAgent.Policy.Epsilon.mean": {
            "value": 0.10097149999999999,
            "min": 0.10097149999999999,
            "max": 0.1989586444444444,
            "count": 50
        },
        "FighterAgent.Policy.Epsilon.sum": {
            "value": 1.009715,
            "min": 0.9989317999999999,
            "max": 1.9697286,
            "count": 50
        },
        "FighterAgent.Policy.Beta.mean": {
            "value": 1.4760349999999998e-05,
            "min": 1.4760349999999998e-05,
            "max": 0.0004948973577777777,
            "count": 50
        },
        "FighterAgent.Policy.Beta.sum": {
            "value": 0.00014760349999999998,
            "min": 0.00014760349999999998,
            "max": 0.00485167014,
            "count": 50
        },
        "FighterAgent.IsTraining.mean": {
            "value": 1.0,
            "min": 1.0,
            "max": 1.0,
            "count": 50
        },
        "FighterAgent.IsTraining.sum": {
            "value": 1.0,
            "min": 1.0,
            "max": 1.0,
            "count": 50
        }
    },
    "metadata": {
        "timer_format_version": "0.1.0",
        "start_time_seconds": "1638968804",
        "python_version": "3.8.5 (default, Sep  3 2020, 21:29:08) [MSC v.1916 64 bit (AMD64)]",
        "command_line_arguments": "E:\\PythonStuff\\anaconda\\Scripts\\mlagents-learn Fight_config.yaml --run-id FightTest3 --force",
        "mlagents_version": "0.27.0",
        "mlagents_envs_version": "0.27.0",
        "communication_protocol_version": "1.5.0",
        "pytorch_version": "1.8.0",
        "numpy_version": "1.19.2",
        "end_time_seconds": "1638972344"
    },
    "total": 3540.6231183,
    "count": 1,
    "self": 0.008672099999785132,
    "children": {
        "run_training.setup": {
            "total": 0.2148260999999998,
            "count": 1,
            "self": 0.2148260999999998
        },
        "TrainerController.start_learning": {
            "total": 3540.3996201,
            "count": 1,
            "self": 2.78405020000082,
            "children": {
                "TrainerController._reset_env": {
                    "total": 9.9592877,
                    "count": 1,
                    "self": 9.9592877
                },
                "TrainerController.advance": {
                    "total": 3527.5127377999993,
                    "count": 118315,
                    "self": 2.6734943000451494,
                    "children": {
                        "env_step": {
                            "total": 3038.9731073999515,
                            "count": 118315,
                            "self": 2614.9528033998463,
                            "children": {
                                "SubprocessEnvManager._take_step": {
                                    "total": 421.09638050002775,
                                    "count": 118315,
                                    "self": 7.7160942999972235,
                                    "children": {
                                        "TorchPolicy.evaluate": {
                                            "total": 413.3802862000305,
                                            "count": 100017,
                                            "self": 176.3117193000804,
                                            "children": {
                                                "TorchPolicy.sample_actions": {
                                                    "total": 237.06856689995013,
                                                    "count": 100017,
                                                    "self": 237.06856689995013
                                                }
                                            }
                                        }
                                    }
                                },
                                "workers": {
                                    "total": 2.9239235000773274,
                                    "count": 118315,
                                    "self": 0.0,
                                    "children": {
                                        "worker_root": {
                                            "total": 3529.8718649999587,
                                            "count": 118315,
                                            "is_parallel": true,
                                            "self": 1072.3024284998987,