{
    "name": "root",
    "gauges": {
        "FighterAgent.Policy.Entropy.mean": {
            "value": 1.5310848951339722,
            "min": 1.5310848951339722,
            "max": 2.1080963611602783,
            "count": 50
        },
        "FighterAgent.Policy.Entropy.sum": {
            "value": 15310.8486328125,
            "min": 15310.8486328125,
            "max": 21207.44921875,
            "count": 50
        },
        "FighterAgent.Environment.EpisodeLength.mean": {
            "value": 112.6590909090909,
            "min": 110.0,
            "max": 166.73333333333332,
            "count": 50
        },
        "FighterAgent.Environment.EpisodeLength.sum": {
            "value": 9914.0,
            "min": 9584.0,
            "max": 10370.0,
            "count": 50
        },
        "FighterAgent.Step.mean": {
            "value": 499989.0,
            "min": 9964.0,
            "max": 499989.0,
            "count": 50
        },
        "FighterAgent.Step.sum": {
            "value": 499989.0,
            "min": 9964.0,
            "max": 499989.0,
            "count": 50
        },
        "FighterAgent.Policy.ExtrinsicValueEstimate.mean": {
            "value": 0.3007999062538147,
            "min": 0.09793093800544739,
            "max": 0.3807782530784607,
            "count": 50
        },
        "FighterAgent.Policy.ExtrinsicValueEstimate.sum": {
            "value": 64.07038116455078,
            "min": 19.684118270874023,
            "max": 79.58265686035156,
            "count": 50
        },
        "FighterAgent.Environment.CumulativeReward.mean": {
            "value": 0.5352272716435519,
            "min": 0.19666666289170584,
            "max": 0.5533333328035143,
            "count": 50
        },
        "FighterAgent.Environment.CumulativeReward.sum": {
            "value": 47.09999990463257,
            "min": 11.79999977350235,
            "max": 49.799999952316284,
            "count": 50
        },
        "FighterAgent.Policy.ExtrinsicReward.mean": {
            "value": 0.5352272716435519,
            "min": 0.19666666289170584,
            "max": 0.5533333328035143,
            "count": 50
        },
        "FighterAgent.Policy.ExtrinsicReward.sum": {
            "value": 47.09999990463257,
            "min": 11.79999977350235,
            "max": 49.799999952316284,
            "count": 50
        },
        "FighterAgent.Losses.PolicyLoss.mean": {
            "value": 0.0749930102013847,
            "min": 0.06915254759887222,
            "max": 0.08097757568699308,
            "count": 50
        },
        "FighterAgent.Losses.PolicyLoss.sum": {
            "value": 0.749930102013847,
            "min": 0.6567747978842818,
            "max": 0.8097757568699309,
            "count": 50
        },
        "FighterAgent.Losses.ValueLoss.mean": {
            "value": 0.018531008188923198,
            "min": 0.012549702530183518,
            "max": 0.02075697497775157,
            "count": 50
        },
        "FighterAgent.Losses.ValueLoss.sum": {
            "value": 0.18531008188923198,
            "min": 0.12373435711488129,
            "max": 0.20756974977751572,
            "count": 50
        },
        "FighterAgent.Policy.LearningRate.mean": {
            "value": 3.0231389923199954e-06,
            "min": 3.0231389923199954e-06,
            "max": 0.00029686553437815555,
            "count": 50
        },
        "FighterAgent.Policy.LearningRate.sum": {
            "value": 3.0231389923199952e-05,
            "min": 3.0231389923199952e-05,
            "max": 0.002909919030027,
            "count": 50
        },
        "FighterAgent.Policy.Epsilon.mean": {
            "value": 0.10100768,
            "min": 0.10100768,
            "max": 0.1989551777777778,
            "count": 50
        },
        "FighterAgent.Policy.Epsilon.sum": {
            "value": 1.0100768,
            "min": 0.9450796,
            "max": 1.9699730000000002,
            "count": 50
        },
        "FighterAgent.Policy.Beta.mean": {
            "value": 1.4937631999999995e-05,
            "min": 1.4937631999999995e-05,
            "max": 0.0004948803711111112,
            "count": 50
        },
        "FighterAgent.Policy.Beta.sum": {
            "value": 0.00014937631999999994,
            "min": 0.00014937631999999994,
            "max": 0.0048528677,
            "count": 50
        },
        "FighterAgent.IsTraining.mean": {
            "value": 1.0,
            "min": 1.0,
            "max": 1.0,
            "count": 50
        },
        "FighterAgent.IsTraining.sum": {
            "value": 1.0,
            "min": 1.0,
            "max": 1.0,
            "count": 50
        }
    },
    "metadata": {
        "timer_format_version": "0.1.0",
        "start_time_seconds": "1639059583",
        "python_version": "3.8.5 (default, Sep  3 2020, 21:29:08) [MSC v.1916 64 bit (AMD64)]",
        "command_line_arguments": "E:\\PythonStuff\\anaconda\\Scripts\\mlagents-learn Fight_config.yaml --run-id FightTest --force",
        "mlagents_version": "0.27.0",
        "mlagents_envs_version": "0.27.0",
        "communication_protocol_version": "1.5.0",
        "pytorch_version": "1.8.0",
        "numpy_version": "1.19.2",
        "end_time_seconds": "1639063121"
    },
    "total": 3537.7334765,
    "count": 1,
    "self": 0.010438499999963824,
    "children": {
        "run_training.setup": {
            "total": 0.7402325000000012,
            "count": 1,
            "self": 0.7402325000000012
        },
        "TrainerController.start_learning": {
            "total": 3536.9828055000003,
            "count": 1,
            "self": 2.4560474000759314,
            "children": {
                "TrainerController._reset_env": {
                    "total": 17.7654461,
                    "count": 1,
                    "self": 17.7654461
                },
                "TrainerController.advance": {
                    "total": 3516.601024599924,
                    "count": 103534,
                    "self": 2.4247071000099822,
                    "children": {
                        "env_step": {
                            "total": 3019.879238199964,
                            "count": 103534,
                            "self": 2492.7662210000362,
                            "children": {
                                "SubprocessEnvManager._take_step": {
                                    "total": 524.4863878999959,
                                    "count": 103534,
                                    "self": 8.581219899999041,
                                    "children": {
                                        "TorchPolicy.evaluate": {
                                            "total": 515.9051679999968,
                                            "count": 100024,
                                            "self": 241.38571309998883,
                                            "children": {
                                                "TorchPolicy.sample_actions": {
                                                    "total": 274.519454900008,
                                                    "count": 100024,
                                                    "self": 274.519454900008
                                                }
                                            }
                                        }
                                    }
                                },
                                "workers": {
                                    "total": 2.626629299932361,
                                    "count": 103534,
                                    "self": 0.0,
                                    "children": {
                                        "worker_root": {
                                            "total": 3522.6696309999897,
                                            "count": 103534,