{
    "name": "root",
    "gauges": {
        "MazeAgent.Policy.Entropy.mean": {
            "value": 1.2040464878082275,
            "min": 1.1105562448501587,
            "max": 1.5967928171157837,
            "count": 500
        },
        "MazeAgent.Policy.Entropy.sum": {
            "value": 11895.9794921875,
            "min": 11052.255859375,
            "max": 16478.90234375,
            "count": 500
        },
        "MazeAgent.Environment.EpisodeLength.mean": {
            "value": 56.598837209302324,
            "min": 51.12169312169312,
            "max": 399.48,
            "count": 500
        },
        "MazeAgent.Environment.EpisodeLength.sum": {
            "value": 9735.0,
            "min": 8432.0,
            "max": 11452.0,
            "count": 500
        },
        "MazeAgent.Step.mean": {
            "value": 4999944.0,
            "min": 9974.0,
            "max": 4999944.0,
            "count": 500
        },
        "MazeAgent.Step.sum": {
            "value": 4999944.0,
            "min": 9974.0,
            "max": 4999944.0,
            "count": 500
        },
        "MazeAgent.Policy.ExtrinsicValueEstimate.mean": {
            "value": -0.17122608423233032,
            "min": -1.6675902605056763,
            "max": -0.050304561853408813,
            "count": 500
        },
        "MazeAgent.Policy.ExtrinsicValueEstimate.sum": {
            "value": -47.258399963378906,
            "min": -281.82275390625,
            "max": -14.336799621582031,
            "count": 500
        },
        "MazeAgent.Environment.CumulativeReward.mean": {
            "value": -0.13773243111926456,
            "min": -7.68239905834198,
            "max": -0.033386130339254146,
            "count": 500
        },
        "MazeAgent.Environment.CumulativeReward.sum": {
            "value": -23.689978152513504,
            "min": -200.2199753522873,
            "max": -6.309978634119034,
            "count": 500
        },
        "MazeAgent.Policy.ExtrinsicReward.mean": {
            "value": -0.13773243111926456,
            "min": -7.68239905834198,
            "max": -0.033386130339254146,
            "count": 500
        },
        "MazeAgent.Policy.ExtrinsicReward.sum": {
            "value": -23.689978152513504,
            "min": -200.2199753522873,
            "max": -6.309978634119034,
            "count": 500
        },
        "MazeAgent.Losses.PolicyLoss.mean": {
            "value": 0.07469899809958103,
            "min": 0.0654908199035735,
            "max": 0.08729605319812737,
            "count": 500
        },
        "MazeAgent.Losses.PolicyLoss.sum": {
            "value": 0.7469899809958103,
            "min": 0.5894173791321615,
            "max": 0.8729605319812738,
            "count": 500
        },
        "MazeAgent.Losses.ValueLoss.mean": {
            "value": 0.34092945883671444,
            "min": 0.044098912235349425,
            "max": 0.4162490738928318,
            "count": 500
        },
        "MazeAgent.Losses.ValueLoss.sum": {
            "value": 3.4092945883671444,
            "min": 0.44098912235349425,
            "max": 4.162490738928318,
            "count": 500
        },
        "MazeAgent.Policy.LearningRate.mean": {
            "value": 2.970699010099964e-07,
            "min": 2.970699010099964e-07,
            "max": 0.00029968895343701553,
            "count": 500
        },
        "MazeAgent.Policy.LearningRate.sum": {
            "value": 2.9706990100999637e-06,
            "min": 2.9706990100999637e-06,
            "max": 0.0029909807430064197,
            "count": 500
        },
        "MazeAgent.Policy.Epsilon.mean": {
            "value": 0.10009899000000003,
            "min": 0.10009899000000003,
            "max": 0.19989631777777778,
            "count": 500
        },
        "MazeAgent.Policy.Epsilon.sum": {
            "value": 1.0009899000000002,
            "min": 0.90449104,
            "max": 1.9969935800000003,
            "count": 500
        },
        "MazeAgent.Policy.Beta.mean": {
            "value": 1.0485050999999995e-05,
            "min": 1.0485050999999995e-05,
            "max": 0.0004994919571111111,
            "count": 500
        },
        "MazeAgent.Policy.Beta.sum": {
            "value": 0.00010485050999999994,
            "min": 0.00010485050999999994,
            "max": 0.004985268542,
            "count": 500
        },
        "MazeAgent.IsTraining.mean": {
            "value": 1.0,
            "min": 1.0,
            "max": 1.0,
            "count": 500
        },
        "MazeAgent.IsTraining.sum": {
            "value": 1.0,
            "min": 1.0,
            "max": 1.0,
            "count": 500
        }
    },
    "metadata": {
        "timer_format_version": "0.1.0",
        "start_time_seconds": "1640792921",
        "python_version": "3.8.5 (default, Sep  3 2020, 21:29:08) [MSC v.1916 64 bit (AMD64)]",
        "command_line_arguments": "E:\\PythonStuff\\anaconda\\Scripts\\mlagents-learn MazeConfig.yaml --run-id Maze7thTest --force",
        "mlagents_version": "0.27.0",
        "mlagents_envs_version": "0.27.0",
        "communication_protocol_version": "1.5.0",
        "pytorch_version": "1.8.0",
        "numpy_version": "1.19.2",
        "end_time_seconds": "1640807714"
    },
    "total": 14793.801706100001,
    "count": 1,
    "self": 0.10343050000119547,
    "children": {
        "run_training.setup": {
            "total": 0.8752244999999998,
            "count": 1,
            "self": 0.8752244999999998
        },
        "TrainerController.start_learning": {
            "total": 14792.8230511,
            "count": 1,
            "self": 15.898981100091987,
            "children": {
                "TrainerController._reset_env": {
                    "total": 49.1611271,
                    "count": 1,
                    "self": 49.1611271
                },
                "TrainerController.advance": {
                    "total": 14727.691349599909,
                    "count": 649989,
                    "self": 14.74628799934726,
                    "children": {
                        "env_step": {
                            "total": 10899.839089300454,
                            "count": 649989,
                            "self": 8389.202442700127,
                            "children": {
                                "SubprocessEnvManager._take_step": {
                                    "total": 2499.242177000193,
                                    "count": 649989,
                                    "self": 50.49579730000596,
                                    "children": {
                                        "TorchPolicy.evaluate": {
                                            "total": 2448.746379700187,
                                            "count": 625018,
                                            "self": 1276.019936199566,
                                            "children": {
                                                "TorchPolicy.sample_actions": {
                                                    "total": 1172.726443500621,
                                                    "count": 625018,
                                                    "self": 1172.726443500621
                                                }
                                            }
                                        }
                                    }
                                },
                                "workers": {
                                    "total": 11.394469600134087,
                                    "count": 649989,
                                    "self": 0.0,
                                    "children": {
                                        "worker_root": {
                                            "total": 14758.861748700123,
                                            "count": 649989,