{"count":1,"self":200.64417279999998,"total":3231.7336407,"children":{"InitializeActuators":{"count":8,"self":0.0030026,"total":0.0030026,"children":null},"InitializeSensors":{"count":8,"self":0.0030028999999999998,"total":0.0030028999999999998,"children":null},"AgentSendState":{"count":300051,"self":26.1127824,"total":137.1876915,"children":{"CollectObservations":{"count":1200208,"self":26.1600672,"total":26.1600677,"children":null},"WriteActionMask":{"count":1200208,"self":6.522116,"total":6.5221162,"children":null},"RequestDecision":{"count":1200208,"self":18.123462399999998,"total":78.3927247,"children":{"AgentInfo.ToProto":{"count":1200208,"self":18.591488,"total":60.269262499999996,"children":{"GenerateSensorData":{"count":1200208,"self":41.6777728,"total":41.6777741,"children":null}}}}}}},"DecideAction":{"count":300051,"self":2881.2341248,"total":2881.23412,"children":null},"AgentAct":{"count":300051,"self":12.448000799999999,"total":12.659647699999999,"children":{"AgentInfo.ToProto":{"count":2997,"self":0.061017999999999996,"total":0.211647,"children":{"GenerateSensorData":{"count":2997,"self":0.15062899999999999,"total":0.15062899999999999,"children":null}}}}}},"gauges":{"MazeAgent.CumulativeReward":{"count":2997,"max":0.966,"min":0,"runningAverage":0.30858928,"value":0.514,"weightedAverage":0.403724283}},"metadata":{"timer_format_version":"0.1.0","start_time_seconds":"1644424022","unity_version":"2019.4.25f1","command_line_arguments":"C:\\Program Files\\Unity\\Hub\\Editor\\2019.4.25f1\\Editor\\Unity.exe -projectpath E:\/UnityProjects\/Erikoistyö -useHub -hubIPC -cloudEnvironment production -hubSessionId 4724b2e0-82bd-11ec-91b8-49a7fee32fc2 -accessToken tdgzvE0ltJl0dw8khCn-89UeHsf4xGxKK3YecG2ZgFE005f","communication_protocol_version":"1.5.0","com.unity.ml-agents_version":"2.1.0-exp.1","scene_name":"MazeRunnerVector","end_time_seconds":"1644427254"}}