{"count":1,"self":171.9832576,"total":3439.8416850999997,"children":{"InitializeActuators":{"count":8,"self":0.0030028999999999998,"total":0.0030028999999999998,"children":null},"InitializeSensors":{"count":8,"self":0.0050052,"total":0.0050052,"children":null},"AgentSendState":{"count":300067,"self":52.8190592,"total":155.4275808,"children":{"CollectObservations":{"count":1200272,"self":5.9080544,"total":5.9080544999999995,"children":null},"WriteActionMask":{"count":1200272,"self":5.1618564,"total":5.1618564,"children":null},"RequestDecision":{"count":1200272,"self":15.3085024,"total":91.53861169999999,"children":{"AgentInfo.ToProto":{"count":1200272,"self":15.5678352,"total":76.2301086,"children":{"GenerateSensorData":{"count":1200272,"self":52.834291199999996,"total":60.6622735,"children":{"RayPerceptionSensor.Perceive":{"count":1200272,"self":7.8279824,"total":7.8279821999999992,"children":null}}}}}}}}},"DecideAction":{"count":300067,"self":3099.9660544,"total":3099.9659945,"children":null},"AgentAct":{"count":300067,"self":12.212256799999999,"total":12.4558301,"children":{"AgentInfo.ToProto":{"count":2806,"self":0.0506907,"total":0.2435733,"children":{"GenerateSensorData":{"count":2806,"self":0.1652943,"total":0.1928826,"children":{"RayPerceptionSensor.Perceive":{"count":2806,"self":0.0275883,"total":0.0275883,"children":null}}}}}}}},"gauges":{"MazeAgent.CumulativeReward":{"count":2806,"max":0.922,"min":0,"runningAverage":0.230149731,"value":0,"weightedAverage":0.244051278}},"metadata":{"timer_format_version":"0.1.0","start_time_seconds":"1650280526","unity_version":"2019.4.25f1","command_line_arguments":"C:\\Program Files\\Unity\\Hub\\Editor\\2019.4.25f1\\Editor\\Unity.exe -projectpath E:\/UnityProjects\/Erikoistyö -useHub -hubIPC -cloudEnvironment production -hubSessionId 03cf17c0-bbd3-11ec-8cf2-4dd59bf79e1e","communication_protocol_version":"1.5.0","com.unity.ml-agents_version":"2.1.0-exp.1","scene_name":"MazeRunnerRaycastSensor","end_time_seconds":"1650283965"}}