{"count":1,"self":2522.5367552,"total":13856.816878399999,"children":{"InitializeActuators":{"count":8,"self":0.0030028999999999998,"total":0.0030028999999999998,"children":null},"InitializeSensors":{"count":8,"self":0.0050043,"total":0.0050043,"children":null},"AgentSendState":{"count":1250067,"self":245.8773248,"total":661.1677261,"children":{"CollectObservations":{"count":5000272,"self":31.1842592,"total":31.184258099999997,"children":null},"WriteActionMask":{"count":5000272,"self":26.946752,"total":26.9467504,"children":null},"RequestDecision":{"count":5000272,"self":74.795808,"total":357.1593898,"children":{"AgentInfo.ToProto":{"count":5000272,"self":74.459071999999992,"total":282.36358309999997,"children":{"GenerateSensorData":{"count":5000272,"self":172.0447872,"total":207.9045132,"children":{"RayPerceptionSensor.Perceive":{"count":5000272,"self":35.859724799999995,"total":35.8597235,"children":null}}}}}}}}},"DecideAction":{"count":1250067,"self":10441.4994432,"total":10441.499570099999,"children":null},"AgentAct":{"count":1250067,"self":227.19045119999998,"total":231.6038812,"children":{"AgentInfo.ToProto":{"count":55289,"self":1.2713188,"total":4.4134285,"children":{"GenerateSensorData":{"count":55289,"self":2.6525032,"total":3.1421097,"children":{"RayPerceptionSensor.Perceive":{"count":55289,"self":0.4896064,"total":0.4896064,"children":null}}}}}}}},"gauges":{"MazeAgent.CumulativeReward":{"count":55289,"max":1.77000022,"min":-10.0101337,"runningAverage":-0.855843,"value":0.94,"weightedAverage":0.00133869052}},"metadata":{"timer_format_version":"0.1.0","start_time_seconds":"1640867431","unity_version":"2019.4.25f1","command_line_arguments":"C:\\Program Files\\Unity\\Hub\\Editor\\2019.4.25f1\\Editor\\Unity.exe -projectpath E:\/UnityProjects\/Erikoistyö -useHub -hubIPC -cloudEnvironment production -hubSessionId 02c47b60-61c7-11ec-b2bb-51dd540cd9cb -accessToken ehgaC-_GI-cwAzJLsfmfwjujU2uvg34vs0B1f0gg8V4005f","communication_protocol_version":"1.5.0","com.unity.ml-agents_version":"2.1.0-exp.1","scene_name":"SampleScene","end_time_seconds":"1640881288"}}