{
    "name": "root",
    "gauges": {
        "MazeAgent.Policy.Entropy.mean": {
            "value": 1.1073023080825806,
            "min": 1.1073023080825806,
            "max": 1.60601007938385,
            "count": 5
        },
        "MazeAgent.Policy.Entropy.sum": {
            "value": 11126.173828125,
            "min": 11126.173828125,
            "max": 16137.189453125,
            "count": 5
        },
        "MazeAgent.Step.mean": {
            "value": 49984.0,
            "min": 9984.0,
            "max": 49984.0,
            "count": 5
        },
        "MazeAgent.Step.sum": {
            "value": 49984.0,
            "min": 9984.0,
            "max": 49984.0,
            "count": 5
        },
        "MazeAgent.Policy.ExtrinsicValueEstimate.mean": {
            "value": -1.9720733165740967,
            "min": -1.9720733165740967,
            "max": -1.14432954788208,
            "count": 5
        },
        "MazeAgent.Policy.ExtrinsicValueEstimate.sum": {
            "value": -315.53173828125,
            "min": -315.53173828125,
            "max": -181.94839477539062,
            "count": 5
        },
        "MazeAgent.Losses.PolicyLoss.mean": {
            "value": 0.075127545215617,
            "min": 0.07392635725386393,
            "max": 0.075127545215617,
            "count": 5
        },
        "MazeAgent.Losses.PolicyLoss.sum": {
            "value": 0.601020361724936,
            "min": 0.5928169338338887,
            "max": 0.6724610741998602,
            "count": 5
        },
        "MazeAgent.Losses.ValueLoss.mean": {
            "value": 0.0013456163911192628,
            "min": 0.0013456163911192628,
            "max": 0.021594868340097103,
            "count": 5
        },
        "MazeAgent.Losses.ValueLoss.sum": {
            "value": 0.010764931128954103,
            "min": 0.010764931128954103,
            "max": 0.17275894672077682,
            "count": 5
        },
        "MazeAgent.Policy.LearningRate.mean": {
            "value": 0.000273048008984,
            "min": 0.000273048008984,
            "max": 0.00029704800098399994,
            "count": 5
        },
        "MazeAgent.Policy.LearningRate.sum": {
            "value": 0.002184384071872,
            "min": 0.002184384071872,
            "max": 0.0026211264262912,
            "count": 5
        },
        "MazeAgent.Policy.Epsilon.mean": {
            "value": 0.19101600000000002,
            "min": 0.19101600000000002,
            "max": 0.19901600000000003,
            "count": 5
        },
        "MazeAgent.Policy.Epsilon.sum": {
            "value": 1.5281280000000002,
            "min": 1.5281280000000002,
            "max": 1.7737088,
            "count": 5
        },
        "MazeAgent.Policy.Beta.mean": {
            "value": 0.00045597840000000003,
            "min": 0.00045597840000000003,
            "max": 0.0004951784,
            "count": 5
        },
        "MazeAgent.Policy.Beta.sum": {
            "value": 0.0036478272000000003,
            "min": 0.0036478272000000003,
            "max": 0.00437117312,
            "count": 5
        },
        "MazeAgent.Environment.EpisodeLength.mean": {
            "value": 499.0,
            "min": 499.0,
            "max": 499.0,
            "count": 5
        },
        "MazeAgent.Environment.EpisodeLength.sum": {
            "value": 7984.0,
            "min": 7984.0,
            "max": 11976.0,
            "count": 5
        },
        "MazeAgent.Environment.CumulativeReward.mean": {
            "value": -9.999998807907104,
            "min": -9.999998807907104,
            "max": -9.999998807907104,
            "count": 5
        },
        "MazeAgent.Environment.CumulativeReward.sum": {
            "value": -169.99997973442078,
            "min": -229.9999725818634,
            "max": -159.99998092651367,
            "count": 5
        },
        "MazeAgent.Policy.ExtrinsicReward.mean": {
            "value": -9.999998807907104,
            "min": -9.999998807907104,
            "max": -9.999998807907104,
            "count": 5
        },
        "MazeAgent.Policy.ExtrinsicReward.sum": {
            "value": -169.99997973442078,
            "min": -229.9999725818634,
            "max": -159.99998092651367,
            "count": 5
        },
        "MazeAgent.IsTraining.mean": {
            "value": 1.0,
            "min": 1.0,
            "max": 1.0,
            "count": 5
        },
        "MazeAgent.IsTraining.sum": {
            "value": 1.0,
            "min": 1.0,
            "max": 1.0,
            "count": 5
        }
    },
    "metadata": {
        "timer_format_version": "0.1.0",
        "start_time_seconds": "1640192698",
        "python_version": "3.8.5 (default, Sep  3 2020, 21:29:08) [MSC v.1916 64 bit (AMD64)]",
        "command_line_arguments": "E:\\PythonStuff\\anaconda\\Scripts\\mlagents-learn MazeConfig.yaml --run-id Maze4thTest --force",
        "mlagents_version": "0.27.0",
        "mlagents_envs_version": "0.27.0",
        "communication_protocol_version": "1.5.0",
        "pytorch_version": "1.8.0",
        "numpy_version": "1.19.2",
        "end_time_seconds": "1640192837"
    },
    "total": 139.6267912,
    "count": 1,
    "self": 0.007118300000001909,
    "children": {
        "run_training.setup": {
            "total": 0.19456399999999996,
            "count": 1,
            "self": 0.19456399999999996
        },
        "TrainerController.start_learning": {
            "total": 139.4251089,
            "count": 1,
            "self": 0.1460326999994095,
            "children": {
                "TrainerController._reset_env": {
                    "total": 10.223262499999999,
                    "count": 1,
                    "self": 10.223262499999999
                },
                "TrainerController.advance": {
                    "total": 128.9348996000006,
                    "count": 7016,
                    "self": 0.1391880000007859,
                    "children": {
                        "env_step": {
                            "total": 98.54961719999979,
                            "count": 7016,
                            "self": 82.37041850000118,
                            "children": {
                                "SubprocessEnvManager._take_step": {
                                    "total": 16.071243399999954,
                                    "count": 7016,
                                    "self": 0.4414820999999023,
                                    "children": {
                                        "TorchPolicy.evaluate": {
                                            "total": 15.629761300000052,
                                            "count": 7016,
                                            "self": 6.343306800000233,
                                            "children": {
                                                "TorchPolicy.sample_actions": {
                                                    "total": 9.286454499999818,
                                                    "count": 7016,
                                                    "self": 9.286454499999818
                                                }
                                            }
                                        }
                                    }
                                },
                                "workers": {
                                    "total": 0.10795529999865572,
                                    "count": 7015,
                                    "self": 0.0,
                                    "children": {
                                        "worker_root": {
                                            "total": 132.82815869999976,
                                            "count": 7015,
                                            "is_parallel": true,
                                            "self": 59.82524050000005,