{
    "name": "root",
    "gauges": {
        "FighterAgent.Policy.Entropy.mean": {
            "value": 1.0092027187347412,
            "min": 1.0088112354278564,
            "max": 1.410008192062378,
            "count": 44
        },
        "FighterAgent.Policy.Entropy.sum": {
            "value": 9978.99609375,
            "min": 9975.125,
            "max": 14258.0029296875,
            "count": 44
        },
        "FighterAgent.Step.mean": {
            "value": 439992.0,
            "min": 9984.0,
            "max": 439992.0,
            "count": 44
        },
        "FighterAgent.Step.sum": {
            "value": 439992.0,
            "min": 9984.0,
            "max": 439992.0,
            "count": 44
        },
        "FighterAgent.Policy.ExtrinsicValueEstimate.mean": {
            "value": 6.825068226135045e-07,
            "min": -0.0005970300990156829,
            "max": 6.754641071893275e-05,
            "count": 44
        },
        "FighterAgent.Policy.ExtrinsicValueEstimate.sum": {
            "value": 0.0001371838734485209,
            "min": -0.11821195483207703,
            "max": 0.013576827943325043,
            "count": 44
        },
        "FighterAgent.Losses.PolicyLoss.mean": {
            "value": 0.24497429527520806,
            "min": 0.2372735000462466,
            "max": 0.255933620626367,
            "count": 44
        },
        "FighterAgent.Losses.PolicyLoss.sum": {
            "value": 9.309023220457906,
            "min": 8.779119501711124,
            "max": 9.725477583801945,
            "count": 44
        },
        "FighterAgent.Losses.ValueLoss.mean": {
            "value": 6.831661070662087e-12,
            "min": 6.831661070662087e-12,
            "max": 4.6738601623972277e-07,
            "count": 44
        },
        "FighterAgent.Losses.ValueLoss.sum": {
            "value": 2.596031206851593e-10,
            "min": 2.596031206851593e-10,
            "max": 1.7293282600869743e-05,
            "count": 44
        },
        "FighterAgent.Policy.LearningRate.mean": {
            "value": 3.8973055430063156e-05,
            "min": 3.8973055430063156e-05,
            "max": 0.0002969726280361513,
            "count": 44
        },
        "FighterAgent.Policy.LearningRate.sum": {
            "value": 0.0014809761063424,
            "min": 0.0014809761063424,
            "max": 0.011056972914342402,
            "count": 44
        },
        "FighterAgent.Policy.Epsilon.mean": {
            "value": 0.11299098947368422,
            "min": 0.11299098947368422,
            "max": 0.1989908756756757,
            "count": 44
        },
        "FighterAgent.Policy.Epsilon.sum": {
            "value": 4.2936576,
            "min": 4.2546624,
            "max": 7.485657600000001,
            "count": 44
        },
        "FighterAgent.Policy.Beta.mean": {
            "value": 7.365584842105265e-05,
            "min": 7.365584842105265e-05,
            "max": 0.000495055290810811,
            "count": 44
        },
        "FighterAgent.Policy.Beta.sum": {
            "value": 0.0027989222400000005,
            "min": 0.0027989222400000005,
            "max": 0.018439722239999994,
            "count": 44
        },
        "FighterAgent.Environment.EpisodeLength.mean": {
            "value": 199.0,
            "min": 199.0,
            "max": 199.0,
            "count": 44
        },
        "FighterAgent.Environment.EpisodeLength.sum": {
            "value": 10348.0,
            "min": 9552.0,
            "max": 10348.0,
            "count": 44
        },
        "FighterAgent.Environment.CumulativeReward.mean": {
            "value": 0.0,
            "min": 0.0,
            "max": 0.0,
            "count": 44
        },
        "FighterAgent.Environment.CumulativeReward.sum": {
            "value": 0.0,
            "min": 0.0,
            "max": 0.0,
            "count": 44
        },
        "FighterAgent.Policy.ExtrinsicReward.mean": {
            "value": 0.0,
            "min": 0.0,
            "max": 0.0,
            "count": 44
        },
        "FighterAgent.Policy.ExtrinsicReward.sum": {
            "value": 0.0,
            "min": 0.0,
            "max": 0.0,
            "count": 44
        },
        "FighterAgent.IsTraining.mean": {
            "value": 1.0,
            "min": 1.0,
            "max": 1.0,
            "count": 44
        },
        "FighterAgent.IsTraining.sum": {
            "value": 1.0,
            "min": 1.0,
            "max": 1.0,
            "count": 44
        }
    },
    "metadata": {
        "timer_format_version": "0.1.0",
        "start_time_seconds": "1638902985",
        "python_version": "3.8.5 (default, Sep  3 2020, 21:29:08) [MSC v.1916 64 bit (AMD64)]",
        "command_line_arguments": "E:\\PythonStuff\\anaconda\\Scripts\\mlagents-learn Fight_config.yaml --run-id FightTest1 --force",
        "mlagents_version": "0.27.0",
        "mlagents_envs_version": "0.27.0",
        "communication_protocol_version": "1.5.0",
        "pytorch_version": "1.8.0",
        "numpy_version": "1.19.2",
        "end_time_seconds": "1638908464"
    },
    "total": 5478.2174011,
    "count": 1,
    "self": 0.0358687000007194,
    "children": {
        "run_training.setup": {
            "total": 1.5169510000000006,
            "count": 1,
            "self": 1.5169510000000006
        },
        "TrainerController.start_learning": {
            "total": 5476.664581399999,
            "count": 1,
            "self": 2.5929570000907916,
            "children": {
                "TrainerController._reset_env": {
                    "total": 54.181509399999996,
                    "count": 1,
                    "self": 54.181509399999996
                },
                "TrainerController.advance": {
                    "total": 5419.752188499908,
                    "count": 110127,
                    "self": 2.373367399935887,
                    "children": {
                        "env_step": {
                            "total": 3290.170012099967,
                            "count": 110127,
                            "self": 2759.734350500009,
                            "children": {
                                "SubprocessEnvManager._take_step": {
                                    "total": 527.7314712000511,
                                    "count": 110127,
                                    "self": 8.683964599935507,
                                    "children": {
                                        "TorchPolicy.evaluate": {
                                            "total": 519.0475066001156,
                                            "count": 110127,
                                            "self": 227.72522520000757,
                                            "children": {
                                                "TorchPolicy.sample_actions": {
                                                    "total": 291.32228140010807,
                                                    "count": 110127,
                                                    "self": 291.32228140010807
                                                }
                                            }
                                        }
                                    }
                                },
                                "workers": {
                                    "total": 2.704190399907233,
                                    "count": 110126,
                                    "self": 0.0,
                                    "children": {
                                        "worker_root": {
                                            "total": 5460.4492768999,
                                            "count": 110126,
                                            "is_parallel": true,
                                            "self": 2851.817140599965,