{
    "name": "root",
    "gauges": {
        "MazeAgent.Policy.Entropy.mean": {
            "value": 1.2009543180465698,
            "min": 1.181572675704956,
            "max": 1.6028869152069092,
            "count": 50
        },
        "MazeAgent.Policy.Entropy.sum": {
            "value": 11971.1123046875,
            "min": 11730.6533203125,
            "max": 16234.0390625,
            "count": 50
        },
        "MazeAgent.Environment.EpisodeLength.mean": {
            "value": 24.14066496163683,
            "min": 18.571709233791747,
            "max": 88.76576576576576,
            "count": 50
        },
        "MazeAgent.Environment.EpisodeLength.sum": {
            "value": 9439.0,
            "min": 8686.0,
            "max": 10680.0,
            "count": 50
        },
        "MazeAgent.Step.mean": {
            "value": 499967.0,
            "min": 9990.0,
            "max": 499967.0,
            "count": 50
        },
        "MazeAgent.Step.sum": {
            "value": 499967.0,
            "min": 9990.0,
            "max": 499967.0,
            "count": 50
        },
        "MazeAgent.Policy.ExtrinsicValueEstimate.mean": {
            "value": 0.3510606288909912,
            "min": -0.30878403782844543,
            "max": 0.5055283904075623,
            "count": 50
        },
        "MazeAgent.Policy.ExtrinsicValueEstimate.sum": {
            "value": 163.24319458007812,
            "min": -67.3149185180664,
            "max": 269.5896301269531,
            "count": 50
        },
        "MazeAgent.Environment.CumulativeReward.mean": {
            "value": 0.5090793316321605,
            "min": -0.8265452512285926,
            "max": 0.6178039572402543,
            "count": 50
        },
        "MazeAgent.Environment.CumulativeReward.sum": {
            "value": 199.05001866817474,
            "min": -90.91997763514519,
            "max": 315.0800181925297,
            "count": 50
        },
        "MazeAgent.Policy.ExtrinsicReward.mean": {
            "value": 0.5090793316321605,
            "min": -0.8265452512285926,
            "max": 0.6178039572402543,
            "count": 50
        },
        "MazeAgent.Policy.ExtrinsicReward.sum": {
            "value": 199.05001866817474,
            "min": -90.91997763514519,
            "max": 315.0800181925297,
            "count": 50
        },
        "MazeAgent.Losses.PolicyLoss.mean": {
            "value": 0.07874354761298465,
            "min": 0.06774170150941548,
            "max": 0.08438520155711254,
            "count": 50
        },
        "MazeAgent.Losses.PolicyLoss.sum": {
            "value": 0.7874354761298464,
            "min": 0.6441126284084362,
            "max": 0.8438520155711254,
            "count": 50
        },
        "MazeAgent.Losses.ValueLoss.mean": {
            "value": 0.2589802286615877,
            "min": 0.20433548301458354,
            "max": 0.299125860830148,
            "count": 50
        },
        "MazeAgent.Losses.ValueLoss.sum": {
            "value": 2.589802286615877,
            "min": 1.924579612414042,
            "max": 2.9912586083014805,
            "count": 50
        },
        "MazeAgent.Policy.LearningRate.mean": {
            "value": 2.7935790688400057e-06,
            "min": 2.7935790688400057e-06,
            "max": 0.00029690580103139993,
            "count": 50
        },
        "MazeAgent.Policy.LearningRate.sum": {
            "value": 2.7935790688400058e-05,
            "min": 2.7935790688400058e-05,
            "max": 0.0029111748296083997,
            "count": 50
        },
        "MazeAgent.Policy.Epsilon.mean": {
            "value": 0.10093116000000002,
            "min": 0.10093116000000002,
            "max": 0.19896860000000002,
            "count": 50
        },
        "MazeAgent.Policy.Epsilon.sum": {
            "value": 1.0093116000000002,
            "min": 0.9629746000000001,
            "max": 1.9703916000000001,
            "count": 50
        },
        "MazeAgent.Policy.Beta.mean": {
            "value": 1.456268400000001e-05,
            "min": 1.456268400000001e-05,
            "max": 0.00049494614,
            "count": 50
        },
        "MazeAgent.Policy.Beta.sum": {
            "value": 0.0001456268400000001,
            "min": 0.0001456268400000001,
            "max": 0.00485491884,
            "count": 50
        },
        "MazeAgent.IsTraining.mean": {
            "value": 1.0,
            "min": 1.0,
            "max": 1.0,
            "count": 50
        },
        "MazeAgent.IsTraining.sum": {
            "value": 1.0,
            "min": 1.0,
            "max": 1.0,
            "count": 50
        }
    },
    "metadata": {
        "timer_format_version": "0.1.0",
        "start_time_seconds": "1640526777",
        "python_version": "3.8.5 (default, Sep  3 2020, 21:29:08) [MSC v.1916 64 bit (AMD64)]",
        "command_line_arguments": "E:\\PythonStuff\\anaconda\\Scripts\\mlagents-learn MazeConfig.yaml --run-id Maze5thTest --force",
        "mlagents_version": "0.27.0",
        "mlagents_envs_version": "0.27.0",
        "communication_protocol_version": "1.5.0",
        "pytorch_version": "1.8.0",
        "numpy_version": "1.19.2",
        "end_time_seconds": "1640528201"
    },
    "total": 1423.2970148,
    "count": 1,
    "self": 0.06634869999993498,
    "children": {
        "run_training.setup": {
            "total": 1.328144,
            "count": 1,
            "self": 1.328144
        },
        "TrainerController.start_learning": {
            "total": 1421.9025221,
            "count": 1,
            "self": 1.5752607999738757,
            "children": {
                "TrainerController._reset_env": {
                    "total": 40.7891579,
                    "count": 1,
                    "self": 40.7891579
                },
                "TrainerController.advance": {
                    "total": 1379.466597900026,
                    "count": 70421,
                    "self": 1.5337526000214439,
                    "children": {
                        "env_step": {
                            "total": 1066.6540650000088,
                            "count": 70421,
                            "self": 925.1706032000303,
                            "children": {
                                "SubprocessEnvManager._take_step": {
                                    "total": 140.38434660000277,
                                    "count": 70421,
                                    "self": 3.8236226000176146,
                                    "children": {
                                        "TorchPolicy.evaluate": {
                                            "total": 136.56072399998516,
                                            "count": 62518,
                                            "self": 55.60033019998639,
                                            "children": {
                                                "TorchPolicy.sample_actions": {
                                                    "total": 80.96039379999877,
                                                    "count": 62518,
                                                    "self": 80.96039379999877
                                                }
                                            }
                                        }
                                    }
                                },
                                "workers": {
                                    "total": 1.0991151999757207,
                                    "count": 70421,
                                    "self": 0.0,
                                    "children": {
                                        "worker_root": {
                                            "total": 1410.0389950999847,
                                            "count": 70421,
                                            "is_parallel": true,