{
    "name": "root",
    "gauges": {
        "MazeAgent.Policy.Entropy.mean": {
            "value": 0.30684083700180054,
            "min": 0.15217123925685883,
            "max": 1.6009416580200195,
            "count": 27
        },
        "MazeAgent.Policy.Entropy.sum": {
            "value": 3100.31982421875,
            "min": 1537.5382080078125,
            "max": 16393.642578125,
            "count": 27
        },
        "MazeAgent.Environment.EpisodeLength.mean": {
            "value": 499.0,
            "min": 413.55,
            "max": 499.0,
            "count": 27
        },
        "MazeAgent.Environment.EpisodeLength.sum": {
            "value": 10978.0,
            "min": 8271.0,
            "max": 10978.0,
            "count": 27
        },
        "MazeAgent.Step.mean": {
            "value": 269984.0,
            "min": 9955.0,
            "max": 269984.0,
            "count": 27
        },
        "MazeAgent.Step.sum": {
            "value": 269984.0,
            "min": 9955.0,
            "max": 269984.0,
            "count": 27
        },
        "MazeAgent.Policy.ExtrinsicValueEstimate.mean": {
            "value": 0.0004141587414778769,
            "min": -0.00018905033357441425,
            "max": 0.06177658587694168,
            "count": 27
        },
        "MazeAgent.Policy.ExtrinsicValueEstimate.sum": {
            "value": 0.06667955964803696,
            "min": -0.030059002339839935,
            "max": 10.007806777954102,
            "count": 27
        },
        "MazeAgent.Environment.CumulativeReward.mean": {
            "value": 0.0,
            "min": 0.0,
            "max": 0.3,
            "count": 27
        },
        "MazeAgent.Environment.CumulativeReward.sum": {
            "value": 0.0,
            "min": 0.0,
            "max": 6.0,
            "count": 27
        },
        "MazeAgent.Policy.ExtrinsicReward.mean": {
            "value": 0.0,
            "min": 0.0,
            "max": 0.3,
            "count": 27
        },
        "MazeAgent.Policy.ExtrinsicReward.sum": {
            "value": 0.0,
            "min": 0.0,
            "max": 6.0,
            "count": 27
        },
        "MazeAgent.Losses.PolicyLoss.mean": {
            "value": 0.07362404999202461,
            "min": 0.06856414727361106,
            "max": 0.0833228426996114,
            "count": 27
        },
        "MazeAgent.Losses.PolicyLoss.sum": {
            "value": 0.6626164499282216,
            "min": 0.6170773254624995,
            "max": 0.8332284269961141,
            "count": 27
        },
        "MazeAgent.Losses.ValueLoss.mean": {
            "value": 3.858215215351917e-06,
            "min": 1.3737043251934218e-07,
            "max": 0.009216376801117197,
            "count": 27
        },
        "MazeAgent.Losses.ValueLoss.sum": {
            "value": 3.4723936938167255e-05,
            "min": 1.3737043251934219e-06,
            "max": 0.09216376801117197,
            "count": 27
        },
        "MazeAgent.Policy.LearningRate.mean": {
            "value": 0.0001409184530272,
            "min": 0.0001409184530272,
            "max": 0.0002968496677167778,
            "count": 27
        },
        "MazeAgent.Policy.LearningRate.sum": {
            "value": 0.0012682660772448,
            "min": 0.0012682660772448,
            "max": 0.0029089374303541997,
            "count": 27
        },
        "MazeAgent.Policy.Epsilon.mean": {
            "value": 0.14697280000000001,
            "min": 0.14697280000000001,
            "max": 0.19894988888888887,
            "count": 27
        },
        "MazeAgent.Policy.Epsilon.sum": {
            "value": 1.3227552,
            "min": 1.3227552,
            "max": 1.9696458000000001,
            "count": 27
        },
        "MazeAgent.Policy.Beta.mean": {
            "value": 0.00024016672000000001,
            "min": 0.00024016672000000001,
            "max": 0.0004948544555555556,
            "count": 27
        },
        "MazeAgent.Policy.Beta.sum": {
            "value": 0.00216150048,
            "min": 0.00216150048,
            "max": 0.004851264420000001,
            "count": 27
        },
        "MazeAgent.IsTraining.mean": {
            "value": 1.0,
            "min": 1.0,
            "max": 1.0,
            "count": 27
        },
        "MazeAgent.IsTraining.sum": {
            "value": 1.0,
            "min": 1.0,
            "max": 1.0,
            "count": 27
        }
    },
    "metadata": {
        "timer_format_version": "0.1.0",
        "start_time_seconds": "1640182856",
        "python_version": "3.8.5 (default, Sep  3 2020, 21:29:08) [MSC v.1916 64 bit (AMD64)]",
        "command_line_arguments": "E:\\PythonStuff\\anaconda\\Scripts\\mlagents-learn MazeConfig.yaml --run-id Maze2stTest --force",
        "mlagents_version": "0.27.0",
        "mlagents_envs_version": "0.27.0",
        "communication_protocol_version": "1.5.0",
        "pytorch_version": "1.8.0",
        "numpy_version": "1.19.2",
        "end_time_seconds": "1640183517"
    },
    "total": 660.9249489,
    "count": 1,
    "self": 0.07655020000004242,
    "children": {
        "run_training.setup": {
            "total": 0.9686485999999999,
            "count": 1,
            "self": 0.9686485999999999
        },
        "TrainerController.start_learning": {
            "total": 659.8797500999999,
            "count": 1,
            "self": 0.7603871999947387,
            "children": {
                "TrainerController._reset_env": {
                    "total": 17.6949873,
                    "count": 1,
                    "self": 17.6949873
                },
                "TrainerController.advance": {
                    "total": 641.2966382000052,
                    "count": 35090,
                    "self": 0.7253496999971958,
                    "children": {
                        "env_step": {
                            "total": 483.1917829000021,
                            "count": 35090,
                            "self": 403.39457730000964,
                            "children": {
                                "SubprocessEnvManager._take_step": {
                                    "total": 79.24827959999595,
                                    "count": 35090,
                                    "self": 2.183023799988675,
                                    "children": {
                                        "TorchPolicy.evaluate": {
                                            "total": 77.06525580000728,
                                            "count": 34755,
                                            "self": 32.5525675000141,
                                            "children": {
                                                "TorchPolicy.sample_actions": {
                                                    "total": 44.51268829999318,
                                                    "count": 34755,
                                                    "self": 44.51268829999318
                                                }
                                            }
                                        }
                                    }
                                },
                                "workers": {
                                    "total": 0.5489259999965306,
                                    "count": 35089,
                                    "self": 0.0,
                                    "children": {
                                        "worker_root": {
                                            "total": 648.0325366000013,
                                            "count": 35089,
                                            "is_parallel": true,
                                            "self": 291.1490743999958,