{
    "name": "root",
    "gauges": {
        "FighterAgent.Policy.Entropy.mean": {
            "value": 1.3645919561386108,
            "min": 1.3645919561386108,
            "max": 1.4283708333969116,
            "count": 50
        },
        "FighterAgent.Policy.Entropy.sum": {
            "value": 13493.0849609375,
            "min": 13493.0849609375,
            "max": 14442.6484375,
            "count": 50
        },
        "FighterAgent.Step.mean": {
            "value": 499992.0,
            "min": 9984.0,
            "max": 499992.0,
            "count": 50
        },
        "FighterAgent.Step.sum": {
            "value": 499992.0,
            "min": 9984.0,
            "max": 499992.0,
            "count": 50
        },
        "FighterAgent.Policy.ExtrinsicValueEstimate.mean": {
            "value": 6.120444595580921e-06,
            "min": -0.009569080546498299,
            "max": 6.822247087256983e-05,
            "count": 50
        },
        "FighterAgent.Policy.ExtrinsicValueEstimate.sum": {
            "value": 0.0012302093673497438,
            "min": -1.8946778774261475,
            "max": 0.013576271943747997,
            "count": 50
        },
        "FighterAgent.Environment.EpisodeLength.mean": {
            "value": 199.0,
            "min": 199.0,
            "max": 199.0,
            "count": 50
        },
        "FighterAgent.Environment.EpisodeLength.sum": {
            "value": 10348.0,
            "min": 9552.0,
            "max": 10348.0,
            "count": 50
        },
        "FighterAgent.Environment.CumulativeReward.mean": {
            "value": 0.0,
            "min": 0.0,
            "max": 0.0,
            "count": 50
        },
        "FighterAgent.Environment.CumulativeReward.sum": {
            "value": 0.0,
            "min": 0.0,
            "max": 0.0,
            "count": 50
        },
        "FighterAgent.Policy.ExtrinsicReward.mean": {
            "value": 0.0,
            "min": 0.0,
            "max": 0.0,
            "count": 50
        },
        "FighterAgent.Policy.ExtrinsicReward.sum": {
            "value": 0.0,
            "min": 0.0,
            "max": 0.0,
            "count": 50
        },
        "FighterAgent.Losses.PolicyLoss.mean": {
            "value": 0.07770096051508854,
            "min": 0.06961991554374064,
            "max": 0.08132705035871671,
            "count": 50
        },
        "FighterAgent.Losses.PolicyLoss.sum": {
            "value": 0.6993086446357969,
            "min": 0.6265792398936658,
            "max": 0.8132705035871671,
            "count": 50
        },
        "FighterAgent.Losses.ValueLoss.mean": {
            "value": 4.502305013120577e-10,
            "min": 3.786613737843947e-10,
            "max": 3.814969036826428e-06,
            "count": 50
        },
        "FighterAgent.Losses.ValueLoss.sum": {
            "value": 4.05207451180852e-09,
            "min": 3.786613737843947e-09,
            "max": 3.433472133143785e-05,
            "count": 50
        },
        "FighterAgent.Policy.LearningRate.mean": {
            "value": 3.0528989824e-06,
            "min": 3.0528989824e-06,
            "max": 0.00029681280106239993,
            "count": 50
        },
        "FighterAgent.Policy.LearningRate.sum": {
            "value": 2.74760908416e-05,
            "min": 2.74760908416e-05,
            "max": 0.0028497216500928003,
            "count": 50
        },
        "FighterAgent.Policy.Epsilon.mean": {
            "value": 0.10101760000000001,
            "min": 0.10101760000000001,
            "max": 0.1989376,
            "count": 50
        },
        "FighterAgent.Policy.Epsilon.sum": {
            "value": 0.9091584000000001,
            "min": 0.9091584000000001,
            "max": 1.9499072,
            "count": 50
        },
        "FighterAgent.Policy.Beta.mean": {
            "value": 1.4986239999999998e-05,
            "min": 1.4986239999999998e-05,
            "max": 0.00049479424,
            "count": 50
        },
        "FighterAgent.Policy.Beta.sum": {
            "value": 0.00013487615999999998,
            "min": 0.00013487615999999998,
            "max": 0.0047545452799999995,
            "count": 50
        },
        "FighterAgent.IsTraining.mean": {
            "value": 1.0,
            "min": 1.0,
            "max": 1.0,
            "count": 50
        },
        "FighterAgent.IsTraining.sum": {
            "value": 1.0,
            "min": 1.0,
            "max": 1.0,
            "count": 50
        }
    },
    "metadata": {
        "timer_format_version": "0.1.0",
        "start_time_seconds": "1638917575",
        "python_version": "3.8.5 (default, Sep  3 2020, 21:29:08) [MSC v.1916 64 bit (AMD64)]",
        "command_line_arguments": "E:\\PythonStuff\\anaconda\\Scripts\\mlagents-learn Fight_config.yaml --run-id FightTest2 --force",
        "mlagents_version": "0.27.0",
        "mlagents_envs_version": "0.27.0",
        "communication_protocol_version": "1.5.0",
        "pytorch_version": "1.8.0",
        "numpy_version": "1.19.2",
        "end_time_seconds": "1638921175"
    },
    "total": 3599.6563064,
    "count": 1,
    "self": 0.00899970000000394,
    "children": {
        "run_training.setup": {
            "total": 0.19197900000000012,
            "count": 1,
            "self": 0.19197900000000012
        },
        "TrainerController.start_learning": {
            "total": 3599.4553277,
            "count": 1,
            "self": 2.7316519999521915,
            "children": {
                "TrainerController._reset_env": {
                    "total": 11.8588379,
                    "count": 1,
                    "self": 11.8588379
                },
                "TrainerController.advance": {
                    "total": 3584.7179156000484,
                    "count": 125064,
                    "self": 2.6751114999897254,
                    "children": {
                        "env_step": {
                            "total": 3152.339536800052,
                            "count": 125064,
                            "self": 2622.0856833000107,
                            "children": {
                                "SubprocessEnvManager._take_step": {
                                    "total": 527.2078314000539,
                                    "count": 125064,
                                    "self": 9.548307300089391,
                                    "children": {
                                        "TorchPolicy.evaluate": {
                                            "total": 517.6595240999645,
                                            "count": 125064,
                                            "self": 218.53656379998364,
                                            "children": {
                                                "TorchPolicy.sample_actions": {
                                                    "total": 299.1229602999809,
                                                    "count": 125064,
                                                    "self": 299.1229602999809
                                                }
                                            }
                                        }
                                    }
                                },
                                "workers": {
                                    "total": 3.0460220999874146,
                                    "count": 125064,
                                    "self": 0.0,
                                    "children": {
                                        "worker_root": {
                                            "total": 3587.124361800048,
                                            "count": 125064,
                                            "is_parallel": true,
                                            "self": 1129.9636605000492,